id,username,email,password_hash,role,storage_limit_gb,storage_used_mb,status,created_at,last_login
1,admin,admin@cloudstore.local,$2y$10$92IXUNpkjO0rOQ5byMi.Ye4oKoEa3Ro9llC/.og/at2.uheWG/igi,admin,10,0,active,2025-09-21 10:00:00,2025-09-21 10:00:00
2,testuser,user@cloudstore.local,$2y$10$92IXUNpkjO0rOQ5byMi.Ye4oKoEa3Ro9llC/.og/at2.uheWG/igi,user,1,0,active,2025-09-21 10:05:00,
3,john_doe,john@example.com,$2y$10$92IXUNpkjO0rOQ5byMi.Ye4oKoEa3Ro9llC/.og/at2.uheWG/igi,user,2,150,active,2025-09-20 15:30:00,2025-09-21 08:45:00
4,jane_smith,jane@example.com,$2y$10$92IXUNpkjO0rOQ5byMi.Ye4oKoEa3Ro9llC/.og/at2.uheWG/igi,user,1,500,active,2025-09-19 14:20:00,2025-09-20 16:30:00
5,mike_wilson,mike@example.com,$2y$10$92IXUNpkjO0rOQ5byMi.Ye4oKoEa3Ro9llC/.og/at2.uheWG/igi,user,1,0,inactive,2025-09-18 12:15:00,2025-09-18 12:20:00
6,sarah_admin,sarah@cloudstore.local,$2y$10$92IXUNpkjO0rOQ5byMi.Ye4oKoEa3Ro9llC/.og/at2.uheWG/igi,admin,5,750,active,2025-09-17 09:00:00,2025-09-21 09:15:00

Note: All sample users have the same password for testing: 
- Password for all accounts: admin123
- This CSV shows the structure of user data that would be managed through the web interface
- In production, passwords would be properly hashed and unique
- Storage limits are in GB, usage is in MB for easier reading
- Admin users can see and manage all users, regular users can only see their own files